Id,FirstName,LastName,DateOfBirth,WorkPlaceNumber,Salary,Department
0,zgma,SWUMxrtoXPLUouFjLHWCmaUHyhwZRzkzMzXztu,1967-Jan-03,10936,1408391132,P
1,hlmlczQNjfvggRwztjEcaXgdIMYdjwrlaDAPeyPTykoCc,nDTHGf,1955-Jan-01,20438,144573617,H
2,nwVIHUqpcUkALUVgTrMqmBDldxzJmSbuaXDTiuhbUyfwwEfCTlCFUd,aPbvfGgFqruGFGVfbXOduwCpAgvybcwGsZHJjz,1977-Jan-02,21502,1648894651,O
3,aSGsBvApGNhzaomLOhvJkwPSkrEucHEkGuDbnyoFSjxkaDJUbTTXyBGlUg,SWEtRrVmHdNtaqXVWpXFPvhlGMcJWKssNYJJoNvKMSNSAziHGBJqCwRAMYb,1966-Jan-02,23722,876616522,Y
4,uhUdWBPiliD,HTlprWYlAbGnXQpqZfNpkFFYzVKgbJroeznROGU,1968-Jan-03,18484,845375883,Y
5,TgYRHtopawYdLwWSOdRKPVGUgmpQiMYJbdGKHjA,jRxUFkSzvDj,1980-Jan-01,11392,1678505960,U
6,IjViDLMvruyAYSoEUQqNkhtpjlQjmLwDvXujNUUZvMTAkpfUaIBlqs,NM,1956-Jan-02,23661,2146411526,U
7,LXEnrNHRTDMpikCGQIOtXRuAMfpNFttsWpvSdakirtNUaiXXCDnbrMM,LOBQfhjLkTBOaTcgAHEhTnMNj,2005-Jan-05,13132,1356595392,G
8,dVZudaBtXLQWOIGXYKGaqmFtK,ExoIgGpO,1951-Jan-01,17654,69026031,J
9,OPTiXtTgXWxSAjCoIBDHKWeGriSPFXELOaPtbesgRQzcWQSJB,MCONfPmPqfKhrSUwNAPvcPmsyKExpijNamlQKqKOogLkZGgZdXv,2015-Jan-05,10897,1748732380,D
10,pImeyUPNzrfdfIuUIuRJwcXVSnmmKJiFFdTHCvYIUkQU,dTjwdv,1987-Jan-06,19812,1444069113,Z
11,mUXYzeftdkuyngg,EhwJTYDLfhZuvatETOsVHpOyByLPWpfMwBHHJnBpwipKbMbpac,1981-Jan-01,933,615328523,T
12,uWbruluZJOSUGOzspgqNUjSCijfsXGdiRFOeIbWDvZe,xypYzfLMpvqbDmeEsKbvBPmgSIcnPsAEqJPgCfhUCgYAELyeSeBUujPtRtB,2018-Jan-04,9193,1845611845,T
13,LaQuwNkAoJTWZzbsYXwLfMgUCjnJyQbVGYqBDzP,rxEBhLWjryeGQuDXQWQs,1960-Jan-03,29392,1403390264,D
14,IKidaxwbHxEnmRmaNtIjbrESuWcShRYVAEQWnIYEXOuLXHM,wG,1983-Jan-02,29841,1023981218,L
15,JUaA,junNTZooHcfNNWTPpaoYkPOO,2003-Jan-02,2912,1422859008,Q
16,SrLKAudlfsfSlqXMmDMBauligzxKuSYZSCJAOVlKwBjSyvKn,YhUKyTAGLJNR,1987-Jan-04,5826,1153642342,N
17,jjddAhvaHJMixLFpnkCQEVUnB,lTT,2000-Jan-04,5421,268453483,C
18,UpoDibnEfJwceRDyIvrycHxbeRsioAafaktZtohyyNmLqwcpfNvbQpLDcl,zNVKIhjZDV,2013-Jan-04,27081,188531866,D
19,KjdPadvdJOzgrHyFZUxvGTstaFXRDrxWkfnYUBaBKSYWs,QegokEmOztEdZmNHpPvZVMtZAOgZbgSQeC,2018-Jan-07,19175,383285474,K
